,backrub_steps,case_name,fa_atr,fa_dun,fa_elec,fa_intra_rep,fa_intra_sol_xover4,fa_rep,fa_sol,hbond_bb_sc,hbond_lr_bb,hbond_sc,hbond_sr_bb,lk_ball_wtd,nstruct,omega,p_aa_pp,pro_close,rama_prepro,ref,score_function_name,scored_state,total_score,yhh_planarity
0,5000,6FEG,8.98747,0.0,0.8799,-0.0,-0.0,-1.22136,-0.8877,-0.00393,0.0,0.16324,0.0,0.17531,10,0.0,-0.0,-0.0,0.0,0.0,fa_ref2015,ddG,8.09293,-0.0
1,10000,6FEG,9.3051,-0.0,0.99385,-0.0,0.0,-1.28938,-0.53767,-0.00421,-0.0,0.29058,-0.0,0.16141,10,-0.0,-0.0,0.0,0.0,0.0,fa_ref2015,ddG,8.91968,-0.0
2,15000,6FEG,9.05619,-0.0,0.6804,0.0,0.0,-1.0933,-1.14887,0.01743,-0.0,0.06778,-0.0,0.06376,10,0.0,0.0,-0.0,-0.0,0.0,fa_ref2015,ddG,7.64338,-0.0
3,20000,6FEG,9.2846,0.0,0.76929,-0.0,0.0,-1.19289,-1.11779,0.20218,-0.0,0.02831,-0.0,0.18048,10,-0.0,0.0,0.0,0.0,0.0,fa_ref2015,ddG,8.15418,-0.0
4,25000,6FEG,8.46838,-0.0,0.83263,-0.0,0.0,-0.97947,-0.80822,0.02554,-0.0,-0.01031,0.0,0.11901,10,-0.0,0.0,0.0,0.0,0.0,fa_ref2015,ddG,7.64757,-0.0
5,30000,6FEG,9.42781,0.0,1.11412,0.0,-0.0,-1.51251,-0.94177,0.14637,-0.0,-0.01278,-0.0,0.05526,10,0.0,-0.0,0.0,0.0,0.0,fa_ref2015,ddG,8.2765,0.0
6,35000,6FEG,8.97271,0.0,0.73336,-0.0,0.0,-1.22666,-0.88935,-0.03436,-0.0,0.13129,0.0,0.26631,10,0.0,0.0,0.0,-0.0,0.0,fa_ref2015,ddG,7.9533,-0.0
7,40000,6FEG,9.06122,0.0,1.16748,-0.0,-0.0,-1.15118,-1.08757,-0.01616,0.0,0.25306,-0.0,0.20686,10,0.0,0.0,0.0,-0.0,0.0,fa_ref2015,ddG,8.4337,-0.0
8,45000,6FEG,8.98421,-0.0,0.78926,-0.0,0.0,-1.38668,-0.1929,-0.00393,-0.0,0.14388,-0.0,0.23589,10,0.0,-0.0,0.0,0.0,0.0,fa_ref2015,ddG,8.56972,0.0
9,50000,6FEG,8.78093,-0.0,0.90743,-0.0,-0.0,-1.17779,-0.86963,0.00078,-0.0,0.25341,-0.0,0.1935,10,-0.0,0.0,-0.0,-0.0,0.0,fa_ref2015,ddG,8.08863,0.0
0,5000,6FEG,9.04931,0.0,0.87193,-0.0,-0.0,-1.36134,-0.455,0.00037,0.0,0.27416,0.0,0.12254,20,0.0,0.0,-0.0,0.0,0.0,fa_ref2015,ddG,8.50196,0.0
1,10000,6FEG,9.22208,-0.0,0.90448,-0.0,0.0,-1.09543,-0.48119,-0.00262,0.0,0.27295,-0.0,0.14361,20,-0.0,-0.0,0.0,0.0,0.0,fa_ref2015,ddG,8.96388,-0.0
2,15000,6FEG,9.33113,0.0,0.91545,0.0,0.0,-1.20779,-1.09002,0.02845,0.0,0.06124,-0.0,0.16827,20,0.0,0.0,0.0,-0.0,0.0,fa_ref2015,ddG,8.20672,-0.0
3,20000,6FEG,9.14101,0.0,0.73546,-0.0,0.0,-1.20656,-0.75235,0.11087,-0.0,0.06117,-0.0,0.14563,20,-0.0,0.0,0.0,0.0,0.0,fa_ref2015,ddG,8.23524,0.0
4,25000,6FEG,8.68204,-0.0,0.6619,-0.0,0.0,-1.07634,-0.39748,0.01712,-0.0,-0.00115,0.0,0.16874,20,-0.0,0.0,0.0,0.0,0.0,fa_ref2015,ddG,8.05483,0.0
5,30000,6FEG,9.00514,0.0,0.67306,0.0,-0.0,-1.31054,-0.49739,0.07836,-0.0,-0.17943,-0.0,0.16976,20,0.0,-0.0,0.0,0.0,0.0,fa_ref2015,ddG,7.93896,0.0
6,35000,6FEG,9.08363,0.0,0.73755,-0.0,-0.0,-1.12385,-1.03756,-0.00715,-0.0,0.01829,0.0,0.25804,20,0.0,-0.0,0.0,0.0,0.0,fa_ref2015,ddG,7.92896,-0.0
7,40000,6FEG,9.06754,0.0,1.05461,-0.0,0.0,-1.19392,-0.8196,-0.06382,-0.0,0.22069,0.0,0.23969,20,0.0,0.0,-0.0,-0.0,0.0,fa_ref2015,ddG,8.50519,-0.0
8,45000,6FEG,8.84812,-0.0,0.8993,0.0,0.0,-1.13929,-0.40085,0.06936,-0.0,0.26332,-0.0,0.10804,20,0.0,-0.0,-0.0,0.0,0.0,fa_ref2015,ddG,8.648,0.0
9,50000,6FEG,9.09944,0.0,0.74518,-0.0,-0.0,-1.32865,-0.87059,-0.01048,0.0,0.10951,-0.0,0.17531,20,-0.0,0.0,0.0,0.0,0.0,fa_ref2015,ddG,7.91972,-0.0
0,5000,6FEG,9.00662,-0.0,0.85294,-0.0,-0.0,-1.39431,-0.45522,0.00655,0.0,0.21613,-0.0,0.1153,30,0.0,-0.0,-0.0,0.0,0.0,fa_ref2015,ddG,8.34801,-0.0
1,10000,6FEG,8.97683,0.0,0.84234,-0.0,0.0,-0.98826,-0.61358,0.00492,-0.0,0.24859,-0.0,0.09093,30,0.0,-0.0,-0.0,0.0,0.0,fa_ref2015,ddG,8.56176,-0.0
2,15000,6FEG,9.1131,0.0,0.8625,0.0,0.0,-1.15977,-0.8697,0.02106,0.0,0.08361,-0.0,0.16052,30,0.0,0.0,0.0,-0.0,0.0,fa_ref2015,ddG,8.21132,-0.0
3,20000,6FEG,9.15246,0.0,0.74028,-0.0,0.0,-1.20106,-0.73258,0.07381,-0.0,0.07049,-0.0,0.1408,30,-0.0,0.0,0.0,0.0,0.0,fa_ref2015,ddG,8.24419,0.0
4,25000,6FEG,8.84671,-0.0,0.73955,0.0,0.0,-1.08693,-0.71364,0.12829,0.0,0.00691,0.0,0.15589,30,0.0,0.0,0.0,0.0,0.0,fa_ref2015,ddG,8.07678,0.0
5,30000,6FEG,8.97791,0.0,0.71597,0.0,-0.0,-1.26004,-0.49426,0.05731,-0.0,-0.1125,-0.0,0.20913,30,0.0,-0.0,0.0,0.0,0.0,fa_ref2015,ddG,8.09352,0.0
6,35000,6FEG,9.12411,-0.0,0.88256,-0.0,-0.0,-1.11731,-1.00838,0.06585,-0.0,0.12635,0.0,0.19709,30,0.0,-0.0,0.0,0.0,0.0,fa_ref2015,ddG,8.27028,0.0
7,40000,6FEG,9.04475,0.0,0.95491,-0.0,0.0,-1.2349,-0.80354,-0.03203,-0.0,0.173,0.0,0.29481,30,-0.0,0.0,-0.0,-0.0,0.0,fa_ref2015,ddG,8.39701,-0.0
8,45000,6FEG,9.02815,-0.0,1.07839,0.0,0.0,-1.10293,-0.6739,0.12365,-0.0,0.2666,-0.0,0.05933,30,0.0,-0.0,-0.0,0.0,0.0,fa_ref2015,ddG,8.77928,-0.0
9,50000,6FEG,8.84727,0.0,0.77267,-0.0,-0.0,-1.24448,-0.78954,-0.022,0.0,0.14797,0.0,0.21043,30,-0.0,0.0,0.0,0.0,0.0,fa_ref2015,ddG,7.92233,-0.0
0,5000,6FEG,9.05841,-0.0,0.82611,-0.0,-0.0,-1.41047,-0.44431,0.05843,0.0,0.19931,0.0,0.143,40,0.0,0.0,-0.0,0.0,0.0,fa_ref2015,ddG,8.43047,-0.0
1,10000,6FEG,8.72158,0.0,0.70116,0.0,0.0,-0.97845,-0.43917,-0.0851,-0.0,0.18772,-0.0,0.16431,40,0.0,-0.0,-0.0,0.0,0.0,fa_ref2015,ddG,8.27206,-0.0
2,15000,6FEG,9.08451,-0.0,0.90012,0.0,0.0,-1.16409,-0.85322,0.01437,0.0,0.09195,-0.0,0.16531,40,0.0,0.0,-0.0,-0.0,0.0,fa_ref2015,ddG,8.23895,-0.0
3,20000,6FEG,9.30541,0.0,0.80275,0.0,0.0,-1.28849,-0.80763,0.05999,-0.0,0.0943,-0.0,0.15837,40,-0.0,0.0,0.0,0.0,0.0,fa_ref2015,ddG,8.32471,0.0
4,25000,6FEG,8.83004,-0.0,0.76307,0.0,0.0,-1.11929,-0.91447,0.09981,-0.0,0.00133,0.0,0.19993,40,0.0,0.0,-0.0,0.0,0.0,fa_ref2015,ddG,7.86041,0.0
5,30000,6FEG,9.13214,0.0,0.93394,0.0,-0.0,-1.22904,-0.70333,0.08979,0.0,0.0955,-0.0,0.14567,40,0.0,-0.0,-0.0,0.0,0.0,fa_ref2015,ddG,8.46467,0.0
6,35000,6FEG,9.1178,0.0,0.88307,-0.0,-0.0,-1.13075,-1.00423,0.09656,-0.0,0.10161,0.0,0.14801,40,0.0,-0.0,0.0,0.0,0.0,fa_ref2015,ddG,8.21208,0.0
7,40000,6FEG,8.98412,0.0,0.91739,-0.0,0.0,-1.18041,-0.82719,0.00356,-0.0,0.17814,-0.0,0.26853,40,-0.0,0.0,0.0,-0.0,0.0,fa_ref2015,ddG,8.34414,-0.0
8,45000,6FEG,9.07774,-0.0,1.0224,-0.0,0.0,-1.17114,-0.63137,0.07985,-0.0,0.2539,-0.0,0.07793,40,0.0,-0.0,-0.0,0.0,0.0,fa_ref2015,ddG,8.7093,-0.0
9,50000,6FEG,8.94877,0.0,0.80417,-0.0,-0.0,-1.20472,-0.70705,-0.01598,-0.0,0.19682,0.0,0.2121,40,-0.0,0.0,0.0,0.0,0.0,fa_ref2015,ddG,8.2341,-0.0
0,5000,6FEG,9.03074,0.0,0.79743,-0.0,-0.0,-1.37518,-0.44514,0.04311,0.0,0.17853,-0.0,0.14347,50,0.0,0.0,-0.0,0.0,0.0,fa_ref2015,ddG,8.37297,-0.0
1,10000,6FEG,8.70393,0.0,0.72574,0.0,-0.0,-1.04351,-0.40868,-0.06148,-0.0,0.16503,0.0,0.17407,50,0.0,-0.0,-0.0,0.0,0.0,fa_ref2015,ddG,8.2551,-0.0
2,15000,6FEG,8.85317,-0.0,0.81068,0.0,0.0,-1.21145,-0.78545,-0.00069,-0.0,0.06573,-0.0,0.15673,50,0.0,0.0,0.0,-0.0,0.0,fa_ref2015,ddG,7.88872,-0.0
3,20000,6FEG,9.10519,0.0,0.82283,0.0,0.0,-1.23559,-0.80726,0.04958,-0.0,0.1016,-0.0,0.16564,50,-0.0,0.0,0.0,0.0,0.0,fa_ref2015,ddG,8.20199,-0.0
4,25000,6FEG,8.8458,-0.0,0.92309,0.0,0.0,-1.0932,-1.04599,0.08335,0.0,0.15961,0.0,0.1884,50,-0.0,0.0,-0.0,0.0,0.0,fa_ref2015,ddG,8.06106,0.0
5,30000,6FEG,9.10804,-0.0,1.0182,0.0,-0.0,-1.20568,-0.82944,0.0726,0.0,0.16873,-0.0,0.16086,50,-0.0,-0.0,0.0,0.0,0.0,fa_ref2015,ddG,8.49331,-0.0
6,35000,6FEG,9.036,0.0,0.89575,-0.0,0.0,-1.06203,-1.11704,0.04567,0.0,0.07894,0.0,0.16922,50,0.0,-0.0,0.0,0.0,0.0,fa_ref2015,ddG,8.04651,0.0
7,40000,6FEG,9.06852,0.0,0.94678,-0.0,0.0,-1.17671,-0.99891,0.06379,-0.0,0.13054,-0.0,0.2524,50,-0.0,0.0,0.0,-0.0,0.0,fa_ref2015,ddG,8.2864,-0.0
8,45000,6FEG,9.09234,-0.0,1.11115,0.0,0.0,-1.15307,-0.76247,0.06425,-0.0,0.33033,-0.0,0.08839,50,0.0,-0.0,-0.0,0.0,0.0,fa_ref2015,ddG,8.77092,-0.0
9,50000,6FEG,8.80304,0.0,0.85171,-0.0,-0.0,-1.1563,-0.73046,0.00302,0.0,0.21813,0.0,0.17025,50,-0.0,0.0,0.0,-0.0,0.0,fa_ref2015,ddG,8.15939,-0.0
0,5000,6FEG,7.055640861828698,0.0,0.7445852148484611,-0.0,-0.0,-1.3591207744304654,-0.5519660674083298,-0.0032886892033288095,0.0,0.0740717025802331,0.0,0.17531,10,0.0,-0.0,-0.0,0.0,0.0,fa_ref2015-gam,ddG,5.959922248215268,-0.0
1,10000,6FEG,7.210384995410658,-0.0,0.830236698660598,-0.0,0.0,-1.4311100273239918,-0.33431971764548507,-0.0035229961964644563,0.0,0.1318417873036175,-0.0,0.16141,10,-0.0,-0.0,0.0,0.0,0.0,fa_ref2015-gam,ddG,6.403510740208932,-0.0
2,15000,6FEG,7.089686720129899,-0.0,0.586945177507014,0.0,0.0,-1.2221128573624185,-0.7143598232619297,0.014584847716668126,0.0,0.030756856948294775,-0.0,0.06376,10,0.0,0.0,-0.0,-0.0,0.0,fa_ref2015-gam,ddG,5.785500921677528,-0.0
3,20000,6FEG,7.200598461702617,0.0,0.6583216091002568,-0.0,0.0,-1.3288243775467317,-0.6950344892291014,0.16777913305497671,0.0,0.012846439520759922,-0.0,0.18048,10,-0.0,0.0,0.0,0.0,0.0,fa_ref2015-gam,ddG,6.015686776602777,-0.0
4,25000,6FEG,6.788182655602986,-0.0,0.7080817767291929,-0.0,0.0,-1.0988293769924926,-0.502545930231463,0.02136949523068843,0.0,-0.004678450451065963,0.0,0.11901,10,-0.0,0.0,0.0,0.0,0.0,fa_ref2015-gam,ddG,5.911580169887846,-0.0
5,30000,6FEG,7.268392548055301,0.0,0.9168419520522821,0.0,-0.0,-1.6630931311796924,-0.5855864335812839,0.1219480568136655,0.0,-0.005799281430602932,-0.0,0.05526,10,0.0,-0.0,0.0,0.0,0.0,fa_ref2015-gam,ddG,6.05270371072967,0.0
6,35000,6FEG,7.048287221009064,0.0,0.629681084229651,-0.0,0.0,-1.3647501727079017,-0.552992026445736,-0.02874612576216462,0.0,0.05957494353664572,0.0,0.26631,10,0.0,0.0,0.0,-0.0,0.0,fa_ref2015-gam,ddG,5.791054923859559,-0.0
7,40000,6FEG,7.0921663719615236,0.0,0.9539610644626326,-0.0,-0.0,-1.2842681357786367,-0.6762438969196864,-0.013522272405348534,0.0,0.11482181612285292,-0.0,0.20686,10,0.0,0.0,0.0,-0.0,0.0,fa_ref2015-gam,ddG,6.186914947443338,-0.0
8,45000,6FEG,7.054017936557054,-0.0,0.6741122661288408,-0.0,0.0,-1.533081062527907,-0.11994397213265984,-0.0032886892033288095,0.0,0.06528751209471473,-0.0,0.23589,10,0.0,-0.0,0.0,0.0,0.0,fa_ref2015-gam,ddG,6.137103990916714,0.0
9,50000,6FEG,6.951410398524759,-0.0,0.7655869995188844,-0.0,-0.0,-1.312717135291503,-0.5407302613969023,0.0006527189339793349,0.0,0.11498059170374741,-0.0,0.1935,10,-0.0,0.0,-0.0,-0.0,0.0,fa_ref2015-gam,ddG,5.979183311992965,0.0
0,5000,6FEG,7.086292343842542,0.0,0.7384693993762141,-0.0,-0.0,-1.506641940858049,-0.2829160508063069,0.0003096231141097583,0.0,0.1243934783352536,0.0,0.12254,20,0.0,0.0,-0.0,0.0,0.0,fa_ref2015-gam,ddG,6.159906853003764,0.0
1,10000,6FEG,7.170581792051403,-0.0,0.7633457657230944,-0.0,0.0,-1.224406736107892,-0.2992008221631295,-0.0021924633402510274,0.0,0.12384459542495918,-0.0,0.14361,20,-0.0,-0.0,0.0,0.0,0.0,fa_ref2015-gam,ddG,6.531972131588184,-0.0
2,15000,6FEG,7.2227719087198405,0.0,0.7716688293061837,0.0,0.0,-1.3446921666267566,-0.6777672904229348,0.0238035429669623,0.0,0.027789205519877846,-0.0,0.16827,20,0.0,0.0,0.0,-0.0,0.0,fa_ref2015-gam,ddG,6.023574029463173,-0.0
3,20000,6FEG,7.131276012197928,0.0,0.6313630351666184,-0.0,0.0,-1.343383264048072,-0.46780633316757303,0.09254417046716101,0.0,0.027757441605597677,-0.0,0.14563,20,-0.0,0.0,0.0,0.0,0.0,fa_ref2015-gam,ddG,6.07175106222166,0.0
4,25000,6FEG,6.900485932790469,-0.0,0.571875900643044,-0.0,0.0,-1.203830471755646,-0.24715048910070436,0.014325481538115525,0.0,-0.0005218447024715189,0.0,0.16874,20,-0.0,0.0,0.0,0.0,0.0,fa_ref2015-gam,ddG,6.035184509412806,0.0
5,30000,6FEG,7.064425164399969,0.0,0.5809748685825102,0.0,-0.0,-1.4533885192866274,-0.30927387653673577,0.06549042366838465,0.0,-0.08141737830892115,-0.0,0.16976,20,0.0,-0.0,0.0,0.0,0.0,fa_ref2015-gam,ddG,5.8668106825185795,0.0
6,35000,6FEG,7.103193449695899,0.0,0.6330360009526754,-0.0,-0.0,-1.2549657854131917,-0.6451480150226416,-0.005983194698341743,0.0,0.008299595429954287,0.0,0.25804,20,0.0,-0.0,0.0,0.0,0.0,fa_ref2015-gam,ddG,5.838432050944354,-0.0
7,40000,6FEG,7.095279573567828,0.0,0.8744909688967404,-0.0,0.0,-1.3299221160548726,-0.5096219389467933,-0.05336108617397861,0.0,0.1001368088163117,0.0,0.23969,20,0.0,0.0,-0.0,-0.0,0.0,fa_ref2015-gam,ddG,6.177002210105235,-0.0
8,45000,6FEG,6.9856328708316635,-0.0,0.759404927292727,0.0,0.0,-1.2715303711862167,-0.24924593318860389,0.05798438953900886,0.0,0.11947615456921046,-0.0,0.10804,20,0.0,-0.0,-0.0,0.0,0.0,fa_ref2015-gam,ddG,6.401722037857789,0.0
9,50000,6FEG,7.110952864586375,0.0,0.6391352301052771,-0.0,-0.0,-1.4724109879292087,-0.5413271830254871,-0.008769667539813453,0.0,0.049692317725041235,-0.0,0.17531,20,-0.0,0.0,0.0,0.0,0.0,fa_ref2015-gam,ddG,5.777272573922184,-0.0
0,5000,6FEG,7.065159972059556,-0.0,0.723833471597088,-0.0,-0.0,-1.5410254963433379,-0.28305284537350417,0.005481117701570115,0.0,0.09806803395357733,-0.0,0.1153,30,0.0,-0.0,-0.0,0.0,0.0,fa_ref2015-gam,ddG,6.068464253594949,-0.0
1,10000,6FEG,7.050341328475044,0.0,0.7156250954232912,-0.0,0.0,-1.1083966033246062,-0.38152005912002096,0.004117130205381514,0.0,0.11279401384708532,-0.0,0.09093,30,0.0,-0.0,-0.0,0.0,0.0,fa_ref2015-gam,ddG,6.392960905506175,-0.0
2,15000,6FEG,7.117643726783074,0.0,0.7312127307915306,0.0,0.0,-1.2934606387584409,-0.5407737869325047,0.017621805075404895,0.0,0.03793997321398024,-0.0,0.16052,30,0.0,0.0,0.0,-0.0,0.0,fa_ref2015-gam,ddG,6.070183810173044,-0.0
3,20000,6FEG,7.136853709701642,0.0,0.6352197927906325,-0.0,0.0,-1.3375282669535795,-0.4555134774604994,0.06169647537602452,0.0,0.031986568366130896,-0.0,0.1408,30,-0.0,0.0,0.0,0.0,0.0,fa_ref2015-gam,ddG,6.072714801820351,0.0
4,25000,6FEG,6.984917832683896,-0.0,0.6346360117399508,0.0,0.0,-1.215249823375105,-0.44373671016251137,0.10699340745377617,0.0,0.0031356057722158326,0.0,0.15589,30,0.0,0.0,0.0,0.0,0.0,fa_ref2015-gam,ddG,6.070696324112223,0.0
5,30000,6FEG,7.050879596086071,0.0,0.6157154300061678,0.0,-0.0,-1.4001271047364434,-0.30732766294931935,0.047925722700582485,0.0,-0.051049037246280626,-0.0,0.20913,30,0.0,-0.0,0.0,0.0,0.0,fa_ref2015-gam,ddG,5.956016943860778,0.0
6,35000,6FEG,7.123027581291298,-0.0,0.7466228256322438,-0.0,-0.0,-1.2479414314754944,-0.6270040865888404,0.05505542803199659,0.0,0.05733345088785402,0.0,0.19709,30,0.0,-0.0,0.0,0.0,0.0,fa_ref2015-gam,ddG,6.107093767779058,0.0
7,40000,6FEG,7.0840408471884135,0.0,0.8013497037324453,-0.0,0.0,-1.3734956204595528,-0.49963593717802723,-0.026797663251294956,0.0,0.07850000144702207,0.0,0.29481,30,-0.0,0.0,-0.0,-0.0,0.0,fa_ref2015-gam,ddG,6.063961331479006,-0.0
8,45000,6FEG,7.075832915634441,-0.0,0.8915335809430003,0.0,0.0,-1.2324798405552713,-0.4190266394414266,0.10314836194207033,0.0,0.1209640671044312,-0.0,0.05933,30,0.0,-0.0,-0.0,0.0,0.0,fa_ref2015-gam,ddG,6.539972445627245,-0.0
9,50000,6FEG,6.9852018355057215,0.0,0.6610007378583913,-0.0,-0.0,-1.3836530015567305,-0.49093082970694013,-0.018408190071059538,0.0,0.06714328280256154,0.0,0.21043,30,-0.0,0.0,0.0,0.0,0.0,fa_ref2015-gam,ddG,5.820353834831944,-0.0
0,5000,6FEG,7.090781326584521,-0.0,0.7030037824735178,-0.0,-0.0,-1.5578259817351112,-0.2762690784172719,0.04886102511435397,0.0,0.09043699954064177,0.0,0.143,40,0.0,0.0,-0.0,0.0,0.0,fa_ref2015-gam,ddG,6.098988073560651,-0.0
1,10000,6FEG,6.920927112179742,0.0,0.6037695874882956,0.0,0.0,-1.0977186919280628,-0.27307305987960717,-0.0711073769430901,0.0,0.08517861627356904,-0.0,0.16431,40,0.0,-0.0,-0.0,0.0,0.0,fa_ref2015-gam,ddG,6.167976187190846,-0.0
2,15000,6FEG,7.103625782293351,-0.0,0.7600292229024497,0.0,0.0,-1.2980804642088675,-0.5305266322518492,0.012024581659080491,0.0,0.04172434786971824,-0.0,0.16531,40,0.0,0.0,-0.0,-0.0,0.0,fa_ref2015-gam,ddG,6.088796838263883,-0.0
3,20000,6FEG,7.210532775858612,0.0,0.6847262853952665,0.0,0.0,-1.4301717566978258,-0.5021790721332309,0.050163641599269226,0.0,0.042790683745651314,-0.0,0.15837,40,-0.0,0.0,0.0,0.0,0.0,fa_ref2015-gam,ddG,6.0558625577677425,0.0
4,25000,6FEG,6.976453995177453,-0.0,0.653384512207154,0.0,0.0,-1.250068571164645,-0.5686114754091705,0.08335212161756278,0.0,0.000603524742445849,0.0,0.19993,40,0.0,0.0,-0.0,0.0,0.0,fa_ref2015-gam,ddG,5.8951141071708,0.0
5,30000,6FEG,7.1269491630434505,0.0,0.7856271212355734,0.0,-0.0,-1.367276999307819,-0.4373260199952256,0.07501358553111936,0.0,0.0433351948493792,-0.0,0.14567,40,0.0,-0.0,-0.0,0.0,0.0,fa_ref2015-gam,ddG,6.226322045356477,0.0
6,35000,6FEG,7.119942993915457,0.0,0.7470132917369563,-0.0,-0.0,-1.2623716463043588,-0.6244236443706086,0.08064858278637299,0.0,0.046107654853714486,0.0,0.14801,40,0.0,-0.0,0.0,0.0,0.0,fa_ref2015-gam,ddG,6.106917232617533,0.0
7,40000,6FEG,7.053973121798476,0.0,0.7731375092551418,-0.0,0.0,-1.3155137998202178,-0.5143413507084915,0.0029790687635531388,0.0,0.08083209052411444,-0.0,0.26853,40,-0.0,0.0,0.0,-0.0,0.0,fa_ref2015-gam,ddG,6.081066639812576,-0.0
8,45000,6FEG,7.1002984450949835,-0.0,0.8511567826414055,-0.0,0.0,-1.3056151709122394,-0.3925817645326788,0.06673247968642171,0.0,0.11520287729988699,-0.0,0.07793,40,0.0,-0.0,-0.0,0.0,0.0,fa_ref2015-gam,ddG,6.43519364927778,-0.0
9,50000,6FEG,7.036328989867689,0.0,0.6858410498489707,-0.0,-0.0,-1.3414248978541492,-0.43963909152421365,-0.013371668952639304,0.0,0.08930729566223938,0.0,0.2121,40,-0.0,0.0,0.0,0.0,0.0,fa_ref2015-gam,ddG,6.017041677047898,-0.0
0,5000,6FEG,7.077114759224903,0.0,0.6805455988893208,-0.0,-0.0,-1.521092663516887,-0.2767851670132586,0.036061487170799156,0.0,0.08100903812450344,-0.0,0.14347,50,0.0,0.0,-0.0,0.0,0.0,fa_ref2015-gam,ddG,6.076853052879381,-0.0
1,10000,6FEG,6.911815638704658,0.0,0.6235697836815457,0.0,-0.0,-1.1683534893947662,-0.25411457626910305,-0.051407666971189814,0.0,0.07488386481396603,0.0,0.17407,50,0.0,-0.0,-0.0,0.0,0.0,fa_ref2015-gam,ddG,6.13639355456511,-0.0
2,15000,6FEG,6.988192723898928,-0.0,0.6909455608197392,0.0,0.0,-1.3485858930195618,-0.48838769472536114,-0.0005774052265483665,0.0,0.02982663106258876,-0.0,0.15673,50,0.0,0.0,0.0,-0.0,0.0,fa_ref2015-gam,ddG,5.871413922809785,-0.0
3,20000,6FEG,7.1137708040259096,0.0,0.7004453218246476,0.0,0.0,-1.37422757586237,-0.5019490085801408,0.041468523137181634,0.0,0.04610311728861127,-0.0,0.16564,50,-0.0,0.0,0.0,0.0,0.0,fa_ref2015-gam,ddG,6.025611181833839,-0.0
4,25000,6FEG,6.984456283019968,-0.0,0.7774470816328165,0.0,0.0,-1.2220051514105847,-0.6503897324503214,0.06964933828521325,0.0,0.07242468535643631,0.0,0.1884,50,-0.0,0.0,-0.0,0.0,0.0,fa_ref2015-gam,ddG,6.031582504433528,0.0
5,30000,6FEG,7.115166709264342,-0.0,0.8480931332441113,0.0,-0.0,-1.3424467039169872,-0.5157403858117959,0.060687266751394464,0.0,0.07656262890658727,-0.0,0.16086,50,-0.0,-0.0,0.0,0.0,0.0,fa_ref2015-gam,ddG,6.242322648437652,-0.0
6,35000,6FEG,7.079716664590956,0.0,0.7567002078738354,-0.0,0.0,-1.1883807197334528,-0.694568144289633,0.038201139788009986,0.0,0.03582089418115242,0.0,0.16922,50,0.0,-0.0,0.0,0.0,0.0,fa_ref2015-gam,ddG,6.027490042410868,0.0
7,40000,6FEG,7.095762079078169,0.0,0.7952678068011414,-0.0,0.0,-1.3115640806667228,-0.6211157039736008,0.05333604458727903,0.0,0.05923463679474672,-0.0,0.2524,50,-0.0,0.0,0.0,-0.0,0.0,fa_ref2015-gam,ddG,6.0709207826210125,-0.0
8,45000,6FEG,7.107470296243749,-0.0,0.9147519963086119,0.0,0.0,-1.2862914204709033,-0.4740988824212309,0.05372000907003183,0.0,0.149871477968734,-0.0,0.08839,50,0.0,-0.0,-0.0,0.0,0.0,fa_ref2015-gam,ddG,6.465423476698993,-0.0
9,50000,6FEG,6.962705538910948,0.0,0.722882407620427,-0.0,-0.0,-1.2897482637772368,-0.45419527542480864,0.0025271893945029156,0.0,0.09897539367602004,0.0,0.17025,50,-0.0,0.0,0.0,-0.0,0.0,fa_ref2015-gam,ddG,6.043146990399852,-0.0
0,5000,6FEG,-103.11073,0.0,-92.08302,-0.0,-0.0,18.21069,23.4191,-3.44873,0.0,-8.51782,0.0,1.28714,10,0.0,0.0,-0.0,0.0,0.0,fa_ref2015,mut_dG,-164.24337,0.0
1,10000,6FEG,-103.34523,0.0,-90.34257,0.0,0.0,17.65584,23.12166,-3.87627,0.0,-7.94505,0.0,0.93602,10,0.0,0.0,0.0,0.0,0.0,fa_ref2015,mut_dG,-163.79559,0.0
2,15000,6FEG,-104.59656,0.0,-91.62694,-0.0,0.0,17.72328,24.85093,-3.68938,-0.0,-7.87778,-0.0,0.52626,10,0.0,0.0,-0.0,0.0,0.0,fa_ref2015,mut_dG,-164.69019,0.0
3,20000,6FEG,-104.05459,0.0,-89.68007,-0.0,0.0,17.59708,23.34147,-3.85334,-0.0,-7.14636,-0.0,0.71203,10,0.0,0.0,0.0,0.0,0.0,fa_ref2015,mut_dG,-163.08377,0.0
4,25000,6FEG,-102.59303,0.0,-89.95433,-0.0,-0.0,17.25717,22.12805,-3.52512,-0.0,-7.03038,0.0,0.55446,10,0.0,0.0,0.0,0.0,0.0,fa_ref2015,mut_dG,-163.16318,0.0
5,30000,6FEG,-105.33165,0.0,-90.08886,-0.0,-0.0,17.57867,24.41513,-4.43087,0.0,-7.34073,-0.0,0.53536,10,0.0,0.0,0.0,0.0,0.0,fa_ref2015,mut_dG,-164.66296,0.0
6,35000,6FEG,-104.42915,0.0,-88.25899,-0.0,-0.0,17.29314,21.42588,-3.80449,-0.0,-6.38828,-0.0,0.87903,10,0.0,0.0,0.0,0.0,0.0,fa_ref2015,mut_dG,-163.28286,0.0
7,40000,6FEG,-105.61009,0.0,-92.92747,-0.0,-0.0,17.32959,25.37391,-4.11625,-0.0,-6.94183,-0.0,0.63009,10,0.0,0.0,-0.0,0.0,0.0,fa_ref2015,mut_dG,-166.26205,0.0
8,45000,6FEG,-105.70588,0.0,-91.40712,-0.0,0.0,17.62753,24.27107,-4.14004,-0.0,-6.96692,-0.0,1.09367,10,0.0,0.0,-0.0,0.0,0.0,fa_ref2015,mut_dG,-165.22769,0.0
9,50000,6FEG,-104.88965,0.0,-89.59823,-0.0,-0.0,17.41083,23.69596,-3.87583,-0.0,-6.18976,-0.0,0.3541,10,0.0,0.0,-0.0,0.0,0.0,fa_ref2015,mut_dG,-163.09258,0.0
0,5000,6FEG,-103.69223,0.0,-92.3609,-0.0,-0.0,18.33695,24.08986,-3.48061,0.0,-8.56853,0.0,1.29226,20,0.0,0.0,-0.0,0.0,0.0,fa_ref2015,mut_dG,-164.38321,0.0
1,10000,6FEG,-104.39655,0.0,-90.14318,-0.0,-0.0,18.11261,23.52185,-3.69766,0.0,-7.66551,0.0,0.84765,20,0.0,0.0,0.0,0.0,0.0,fa_ref2015,mut_dG,-163.42079,0.0
2,15000,6FEG,-103.85085,0.0,-90.43155,-0.0,0.0,17.66534,23.66141,-3.50109,0.0,-7.65433,-0.0,0.63789,20,0.0,0.0,0.0,0.0,0.0,fa_ref2015,mut_dG,-163.47318,0.0
3,20000,6FEG,-104.31451,0.0,-89.04781,-0.0,0.0,17.44924,23.35352,-3.6896,0.0,-7.34612,-0.0,0.64736,20,0.0,0.0,0.0,0.0,0.0,fa_ref2015,mut_dG,-162.94792,0.0
4,25000,6FEG,-103.73693,0.0,-90.90457,-0.0,-0.0,17.16501,23.31203,-3.72147,-0.0,-7.39382,0.0,0.6785,20,0.0,0.0,0.0,0.0,0.0,fa_ref2015,mut_dG,-164.60124,0.0
5,30000,6FEG,-105.062,0.0,-89.79061,0.0,-0.0,17.54544,24.03954,-3.9546,0.0,-7.37943,-0.0,0.57391,20,0.0,0.0,0.0,0.0,0.0,fa_ref2015,mut_dG,-164.02775,0.0
6,35000,6FEG,-103.70546,0.0,-89.2747,-0.0,-0.0,17.42003,22.53407,-3.73919,-0.0,-6.89053,0.0,0.87112,20,0.0,0.0,0.0,0.0,0.0,fa_ref2015,mut_dG,-162.78466,0.0
7,40000,6FEG,-104.38074,0.0,-91.60821,-0.0,0.0,17.48262,23.97503,-3.68287,-0.0,-6.85748,0.0,0.69858,20,0.0,0.0,-0.0,0.0,0.0,fa_ref2015,mut_dG,-164.37307,0.0
8,45000,6FEG,-104.76904,0.0,-91.07166,-0.0,0.0,17.43134,24.09438,-3.79903,-0.0,-6.73318,-0.0,0.53623,20,0.0,0.0,0.0,0.0,0.0,fa_ref2015,mut_dG,-164.31096,0.0
9,50000,6FEG,-104.62299,0.0,-90.57189,-0.0,-0.0,17.19522,23.95482,-3.90376,0.0,-6.28122,0.0,0.22949,20,0.0,0.0,0.0,0.0,0.0,fa_ref2015,mut_dG,-164.00032,0.0
0,5000,6FEG,-103.34401,0.0,-92.90766,-0.0,-0.0,18.14473,24.20889,-3.46478,0.0,-8.58144,0.0,1.2298,30,0.0,0.0,-0.0,0.0,0.0,fa_ref2015,mut_dG,-164.71448,0.0
1,10000,6FEG,-104.58229,0.0,-91.30057,-0.0,-0.0,18.15634,24.45137,-3.63983,0.0,-7.81984,-0.0,0.91327,30,0.0,0.0,-0.0,0.0,0.0,fa_ref2015,mut_dG,-163.82155,0.0
2,15000,6FEG,-103.99189,0.0,-90.8105,-0.0,0.0,17.54462,23.56825,-3.54042,0.0,-7.70547,-0.0,0.68717,30,0.0,0.0,0.0,0.0,0.0,fa_ref2015,mut_dG,-164.24824,0.0
3,20000,6FEG,-104.06009,0.0,-89.92492,-0.0,-0.0,17.43276,23.42525,-3.6081,-0.0,-7.29782,-0.0,0.64019,30,0.0,0.0,0.0,0.0,0.0,fa_ref2015,mut_dG,-163.39273,0.0
4,25000,6FEG,-104.00456,0.0,-91.27639,-0.0,-0.0,17.32026,24.15336,-3.8198,0.0,-7.21075,0.0,0.77915,30,0.0,0.0,0.0,0.0,0.0,fa_ref2015,mut_dG,-164.05872,0.0
5,30000,6FEG,-104.46349,0.0,-90.90683,0.0,-0.0,17.53245,24.16049,-3.6759,0.0,-7.48833,-0.0,0.66143,30,0.0,0.0,-0.0,0.0,0.0,fa_ref2015,mut_dG,-164.18018,0.0
6,35000,6FEG,-103.82586,0.0,-90.01874,-0.0,-0.0,17.42502,23.10361,-3.5439,-0.0,-6.94558,0.0,0.85237,30,0.0,0.0,-0.0,0.0,0.0,fa_ref2015,mut_dG,-162.95309,0.0
7,40000,6FEG,-103.89089,0.0,-91.20782,-0.0,-0.0,17.44468,23.31905,-3.5634,-0.0,-6.52473,-0.0,0.52587,30,0.0,0.0,-0.0,0.0,0.0,fa_ref2015,mut_dG,-163.89724,0.0
8,45000,6FEG,-104.5208,0.0,-89.92704,-0.0,-0.0,17.46552,23.8974,-3.67989,-0.0,-6.61817,-0.0,0.40284,30,0.0,0.0,0.0,0.0,0.0,fa_ref2015,mut_dG,-162.98014,0.0
9,50000,6FEG,-104.46837,0.0,-90.1715,-0.0,-0.0,17.37587,23.4295,-3.85982,0.0,-6.32792,0.0,0.43778,30,0.0,0.0,0.0,0.0,0.0,fa_ref2015,mut_dG,-163.58446,0.0
0,5000,6FEG,-103.80458,0.0,-92.68995,-0.0,-0.0,18.1903,24.12283,-3.40464,0.0,-8.5739,0.0,1.23487,40,0.0,0.0,-0.0,0.0,0.0,fa_ref2015,mut_dG,-164.92506,0.0
1,10000,6FEG,-105.00643,0.0,-92.00804,-0.0,-0.0,18.14003,24.65478,-3.6884,0.0,-8.04295,-0.0,0.94392,40,0.0,0.0,-0.0,0.0,0.0,fa_ref2015,mut_dG,-165.00709,0.0
2,15000,6FEG,-104.28971,0.0,-90.78519,-0.0,0.0,17.75694,23.60972,-3.47714,0.0,-7.61802,-0.0,0.65015,40,0.0,0.0,0.0,0.0,0.0,fa_ref2015,mut_dG,-164.15326,0.0
3,20000,6FEG,-104.15506,0.0,-89.98787,-0.0,-0.0,17.41899,23.30372,-3.62602,0.0,-7.3152,-0.0,0.51176,40,0.0,0.0,0.0,0.0,0.0,fa_ref2015,mut_dG,-163.84966,0.0
4,25000,6FEG,-103.86634,0.0,-91.08399,-0.0,-0.0,17.37247,23.70983,-3.65617,-0.0,-7.29274,0.0,0.72239,40,0.0,0.0,-0.0,0.0,0.0,fa_ref2015,mut_dG,-164.09454,0.0
5,30000,6FEG,-104.11519,0.0,-91.10013,0.0,-0.0,17.5552,23.85966,-3.56765,0.0,-7.49415,-0.0,0.58445,40,0.0,0.0,-0.0,0.0,0.0,fa_ref2015,mut_dG,-164.27781,0.0
6,35000,6FEG,-104.20747,0.0,-90.42992,-0.0,-0.0,17.41609,23.33768,-3.51929,0.0,-7.08832,-0.0,0.81243,40,0.0,0.0,-0.0,0.0,0.0,fa_ref2015,mut_dG,-163.67879,0.0
7,40000,6FEG,-103.98982,0.0,-91.15143,-0.0,-0.0,17.50839,23.29542,-3.52612,-0.0,-6.5435,-0.0,0.51572,40,0.0,0.0,0.0,0.0,0.0,fa_ref2015,mut_dG,-163.89134,0.0
8,45000,6FEG,-104.70715,0.0,-90.2112,-0.0,0.0,17.5121,24.23741,-3.74281,-0.0,-6.58847,-0.0,0.42351,40,0.0,0.0,-0.0,0.0,0.0,fa_ref2015,mut_dG,-163.07663,0.0
9,50000,6FEG,-104.85712,0.0,-90.54351,-0.0,-0.0,17.44275,23.89927,-3.78876,0.0,-6.30956,0.0,0.44034,40,0.0,0.0,0.0,0.0,0.0,fa_ref2015,mut_dG,-163.71659,0.0
0,5000,6FEG,-103.85394,0.0,-92.40342,-0.0,-0.0,18.2126,24.12839,-3.40599,0.0,-8.6046,0.0,1.23836,50,0.0,0.0,-0.0,0.0,0.0,fa_ref2015,mut_dG,-164.6886,0.0
1,10000,6FEG,-104.87987,0.0,-91.35784,-0.0,-0.0,18.18163,24.25143,-3.63933,0.0,-7.81938,0.0,0.89506,50,0.0,0.0,-0.0,0.0,0.0,fa_ref2015,mut_dG,-164.36829,0.0
2,15000,6FEG,-104.45061,0.0,-90.54477,0.0,0.0,17.75641,23.64675,-3.54174,-0.0,-7.41207,-0.0,0.60519,50,0.0,0.0,0.0,0.0,0.0,fa_ref2015,mut_dG,-163.94084,0.0
3,20000,6FEG,-104.05674,0.0,-89.82581,-0.0,0.0,17.58808,22.93602,-3.5936,-0.0,-7.23473,-0.0,0.56186,50,0.0,0.0,0.0,0.0,0.0,fa_ref2015,mut_dG,-163.62492,0.0
4,25000,6FEG,-103.79839,0.0,-90.44245,-0.0,-0.0,17.49916,23.35859,-3.64748,0.0,-7.11451,0.0,0.67722,50,0.0,0.0,-0.0,0.0,0.0,fa_ref2015,mut_dG,-163.46787,0.0
5,30000,6FEG,-103.95816,0.0,-90.77093,0.0,-0.0,17.6031,23.53609,-3.56429,0.0,-7.47473,0.0,0.60918,50,0.0,0.0,-0.0,0.0,0.0,fa_ref2015,mut_dG,-164.01974,0.0
6,35000,6FEG,-103.88452,0.0,-89.9278,-0.0,-0.0,17.43325,22.91638,-3.50183,0.0,-7.04272,0.0,0.73755,50,0.0,0.0,-0.0,0.0,0.0,fa_ref2015,mut_dG,-163.2697,0.0
7,40000,6FEG,-104.13535,0.0,-90.69996,-0.0,0.0,17.52572,23.13925,-3.57501,-0.0,-6.66605,-0.0,0.46893,50,0.0,0.0,0.0,0.0,0.0,fa_ref2015,mut_dG,-163.94247,0.0
8,45000,6FEG,-104.85397,0.0,-90.07627,-0.0,-0.0,17.56841,24.07537,-3.7769,-0.0,-6.71504,-0.0,0.56602,50,0.0,0.0,0.0,0.0,0.0,fa_ref2015,mut_dG,-163.21239,0.0
9,50000,6FEG,-105.04457,0.0,-90.10891,-0.0,-0.0,17.42965,23.86303,-3.71731,0.0,-6.36271,0.0,0.41126,50,0.0,0.0,0.0,0.0,0.0,fa_ref2015,mut_dG,-163.52956,0.0
0,5000,6FEG,-112.0982,0.0,-92.96292,-0.0,-0.0,19.43205,24.3068,-3.44481,-0.0,-8.68105,0.0,1.11183,10,0.0,0.0,-0.0,0.0,0.0,fa_ref2015,wt_dG,-172.33631,0.0
1,10000,6FEG,-112.65034,0.0,-91.33642,0.0,-0.0,18.94522,23.65934,-3.87206,0.0,-8.23563,0.0,0.77461,10,0.0,0.0,-0.0,0.0,0.0,fa_ref2015,wt_dG,-172.71527,0.0
2,15000,6FEG,-113.65275,0.0,-92.30734,-0.0,0.0,18.81658,25.9998,-3.70681,-0.0,-7.94556,-0.0,0.4625,10,0.0,0.0,0.0,0.0,0.0,fa_ref2015,wt_dG,-172.33358,0.0
3,20000,6FEG,-113.33919,0.0,-90.44936,-0.0,-0.0,18.78997,24.45926,-4.05552,0.0,-7.17467,0.0,0.53155,10,0.0,0.0,-0.0,0.0,0.0,fa_ref2015,wt_dG,-171.23795,0.0
4,25000,6FEG,-111.06142,0.0,-90.78696,-0.0,-0.0,18.23663,22.93627,-3.55066,0.0,-7.02007,-0.0,0.43545,10,0.0,0.0,-0.0,0.0,0.0,fa_ref2015,wt_dG,-170.81075,0.0
5,30000,6FEG,-114.75947,0.0,-91.20299,-0.0,-0.0,19.09118,25.3569,-4.57724,0.0,-7.32796,-0.0,0.4801,10,0.0,0.0,-0.0,0.0,0.0,fa_ref2015,wt_dG,-172.93946,0.0
6,35000,6FEG,-113.40186,0.0,-88.99235,-0.0,-0.0,18.5198,22.31523,-3.77013,0.0,-6.51957,-0.0,0.61273,10,0.0,0.0,-0.0,0.0,0.0,fa_ref2015,wt_dG,-171.23616,0.0
7,40000,6FEG,-114.67131,0.0,-94.09496,0.0,0.0,18.48077,26.46148,-4.10008,-0.0,-7.19489,0.0,0.42324,10,0.0,0.0,-0.0,0.0,0.0,fa_ref2015,wt_dG,-174.69575,0.0
8,45000,6FEG,-114.69009,0.0,-92.19638,-0.0,-0.0,19.01421,24.46397,-4.13611,0.0,-7.1108,-0.0,0.85778,10,0.0,0.0,-0.0,0.0,0.0,fa_ref2015,wt_dG,-173.79742,0.0
9,50000,6FEG,-113.67058,0.0,-90.50565,0.0,0.0,18.58862,24.56559,-3.87661,0.0,-6.44317,0.0,0.1606,10,0.0,0.0,-0.0,0.0,0.0,fa_ref2015,wt_dG,-171.18121,0.0
0,5000,6FEG,-112.74154,0.0,-93.23283,-0.0,-0.0,19.69829,24.54486,-3.48098,-0.0,-8.84269,0.0,1.16971,20,0.0,0.0,0.0,0.0,0.0,fa_ref2015,wt_dG,-172.88517,0.0
1,10000,6FEG,-113.61863,0.0,-91.04766,0.0,-0.0,19.20804,24.00304,-3.69504,0.0,-7.93845,0.0,0.70404,20,0.0,0.0,-0.0,0.0,0.0,fa_ref2015,wt_dG,-172.38467,0.0
2,15000,6FEG,-113.18198,0.0,-91.347,-0.0,0.0,18.87314,24.75143,-3.52954,-0.0,-7.71557,-0.0,0.46962,20,0.0,0.0,-0.0,0.0,0.0,fa_ref2015,wt_dG,-171.6799,0.0
3,20000,6FEG,-113.45552,0.0,-89.78328,-0.0,-0.0,18.6558,24.10587,-3.80048,0.0,-7.40729,0.0,0.50173,20,0.0,0.0,-0.0,0.0,0.0,fa_ref2015,wt_dG,-171.18316,0.0
4,25000,6FEG,-112.41896,0.0,-91.56647,-0.0,-0.0,18.24136,23.70951,-3.73859,0.0,-7.39267,-0.0,0.50976,20,0.0,0.0,-0.0,0.0,0.0,fa_ref2015,wt_dG,-172.65607,0.0
5,30000,6FEG,-114.06714,0.0,-90.46367,-0.0,-0.0,18.85598,24.53693,-4.03296,0.0,-7.19999,-0.0,0.40415,20,0.0,0.0,-0.0,0.0,0.0,fa_ref2015,wt_dG,-171.96671,0.0
6,35000,6FEG,-112.78909,0.0,-90.01226,-0.0,-0.0,18.54388,23.57162,-3.73204,0.0,-6.90882,-0.0,0.61308,20,0.0,0.0,-0.0,0.0,0.0,fa_ref2015,wt_dG,-170.71362,0.0
7,40000,6FEG,-113.44828,0.0,-92.66282,-0.0,-0.0,18.67654,24.79463,-3.61906,-0.0,-7.07817,-0.0,0.45889,20,0.0,0.0,-0.0,0.0,0.0,fa_ref2015,wt_dG,-172.87826,0.0
8,45000,6FEG,-113.61716,0.0,-91.97095,-0.0,-0.0,18.57062,24.49523,-3.86839,0.0,-6.9965,-0.0,0.42819,20,0.0,0.0,0.0,0.0,0.0,fa_ref2015,wt_dG,-172.95896,0.0
9,50000,6FEG,-113.72243,0.0,-91.31707,0.0,-0.0,18.52387,24.82541,-3.89328,0.0,-6.39072,0.0,0.05418,20,0.0,0.0,-0.0,0.0,0.0,fa_ref2015,wt_dG,-171.92004,0.0
0,5000,6FEG,-112.35062,0.0,-93.7606,0.0,0.0,19.53903,24.66411,-3.47133,-0.0,-8.79757,0.0,1.1145,30,0.0,0.0,0.0,0.0,0.0,fa_ref2015,wt_dG,-173.06249,0.0
1,10000,6FEG,-113.55913,0.0,-92.14291,-0.0,-0.0,19.1446,25.06495,-3.64475,0.0,-8.06843,0.0,0.82235,30,0.0,0.0,0.0,0.0,0.0,fa_ref2015,wt_dG,-172.38331,0.0
2,15000,6FEG,-113.10499,0.0,-91.67301,-0.0,-0.0,18.7044,24.43795,-3.56148,-0.0,-7.78909,0.0,0.52665,30,0.0,0.0,-0.0,0.0,0.0,fa_ref2015,wt_dG,-172.45957,0.0
3,20000,6FEG,-113.21255,0.0,-90.6652,-0.0,-0.0,18.63382,24.15783,-3.68191,0.0,-7.3683,-0.0,0.49939,30,0.0,0.0,-0.0,0.0,0.0,fa_ref2015,wt_dG,-171.63692,0.0
4,25000,6FEG,-112.85127,0.0,-92.01594,-0.0,-0.0,18.40719,24.86701,-3.94809,0.0,-7.21766,-0.0,0.62326,30,0.0,0.0,-0.0,0.0,0.0,fa_ref2015,wt_dG,-172.13551,0.0
5,30000,6FEG,-113.44141,0.0,-91.6228,0.0,0.0,18.7925,24.65475,-3.73321,0.0,-7.37583,0.0,0.4523,30,0.0,0.0,-0.0,0.0,0.0,fa_ref2015,wt_dG,-172.2737,0.0
6,35000,6FEG,-112.94997,0.0,-90.9013,-0.0,0.0,18.54233,24.11198,-3.60974,0.0,-7.07194,-0.0,0.65528,30,0.0,0.0,-0.0,0.0,0.0,fa_ref2015,wt_dG,-171.22336,0.0
7,40000,6FEG,-112.93564,0.0,-92.16273,-0.0,-0.0,18.67958,24.12259,-3.53137,-0.0,-6.69774,-0.0,0.23106,30,0.0,0.0,-0.0,0.0,0.0,fa_ref2015,wt_dG,-172.29425,0.0
8,45000,6FEG,-113.54895,0.0,-91.00543,-0.0,-0.0,18.56845,24.57131,-3.80354,0.0,-6.88477,0.0,0.34351,30,0.0,0.0,0.0,0.0,0.0,fa_ref2015,wt_dG,-171.75942,0.0
9,50000,6FEG,-113.31564,0.0,-90.94418,-0.0,-0.0,18.62035,24.21904,-3.83782,0.0,-6.47589,0.0,0.22735,30,0.0,0.0,-0.0,0.0,0.0,fa_ref2015,wt_dG,-171.50679,0.0
0,5000,6FEG,-112.86299,0.0,-93.51606,0.0,0.0,19.60077,24.56714,-3.46307,-0.0,-8.77321,0.0,1.09188,40,0.0,0.0,0.0,0.0,0.0,fa_ref2015,wt_dG,-173.35553,0.0
1,10000,6FEG,-113.72801,0.0,-92.7092,-0.0,-0.0,19.11848,25.09395,-3.6033,0.0,-8.23067,0.0,0.77961,40,0.0,0.0,0.0,0.0,0.0,fa_ref2015,wt_dG,-173.27914,0.0
2,15000,6FEG,-113.37423,0.0,-91.68531,-0.0,-0.0,18.92103,24.46294,-3.49151,-0.0,-7.70997,0.0,0.48484,40,0.0,0.0,0.0,0.0,0.0,fa_ref2015,wt_dG,-172.39221,0.0
3,20000,6FEG,-113.46047,0.0,-90.79061,-0.0,-0.0,18.70748,24.11136,-3.68601,0.0,-7.40951,-0.0,0.35339,40,0.0,0.0,-0.0,0.0,0.0,fa_ref2015,wt_dG,-172.17437,0.0
4,25000,6FEG,-112.69638,0.0,-91.84706,-0.0,-0.0,18.49177,24.62431,-3.75598,0.0,-7.29406,0.0,0.52246,40,0.0,0.0,-0.0,0.0,0.0,fa_ref2015,wt_dG,-171.95495,0.0
5,30000,6FEG,-113.24733,0.0,-92.03407,-0.0,0.0,18.78424,24.56299,-3.65744,0.0,-7.58964,0.0,0.43878,40,0.0,0.0,-0.0,0.0,0.0,fa_ref2015,wt_dG,-172.74248,0.0
6,35000,6FEG,-113.32527,0.0,-91.31299,-0.0,-0.0,18.54684,24.34191,-3.61585,0.0,-7.18993,-0.0,0.66442,40,0.0,0.0,-0.0,0.0,0.0,fa_ref2015,wt_dG,-171.89086,0.0
7,40000,6FEG,-112.97394,0.0,-92.06882,-0.0,-0.0,18.6888,24.12261,-3.52968,0.0,-6.72165,-0.0,0.2472,40,0.0,0.0,-0.0,0.0,0.0,fa_ref2015,wt_dG,-172.23547,0.0
8,45000,6FEG,-113.78489,0.0,-91.23359,-0.0,-0.0,18.68324,24.86877,-3.82266,0.0,-6.84238,0.0,0.34557,40,0.0,0.0,0.0,0.0,0.0,fa_ref2015,wt_dG,-171.78593,0.0
9,50000,6FEG,-113.80589,0.0,-91.34769,-0.0,-0.0,18.64748,24.60632,-3.77278,0.0,-6.50638,0.0,0.22824,40,0.0,0.0,-0.0,0.0,0.0,fa_ref2015,wt_dG,-171.95069,0.0
0,5000,6FEG,-112.88468,0.0,-93.20085,0.0,0.0,19.58778,24.57353,-3.4491,0.0,-8.78313,0.0,1.09489,50,0.0,0.0,0.0,0.0,0.0,fa_ref2015,wt_dG,-173.06157,0.0
1,10000,6FEG,-113.5838,0.0,-92.08358,-0.0,-0.0,19.22514,24.66011,-3.57785,0.0,-7.98441,-0.0,0.721,50,0.0,0.0,0.0,0.0,0.0,fa_ref2015,wt_dG,-172.62339,0.0
2,15000,6FEG,-113.30378,0.0,-91.35544,-0.0,-0.0,18.96785,24.4322,-3.54105,0.0,-7.4778,0.0,0.44846,50,0.0,0.0,0.0,0.0,0.0,fa_ref2015,wt_dG,-171.82957,0.0
3,20000,6FEG,-113.16193,0.0,-90.64864,-0.0,-0.0,18.82367,23.74327,-3.64318,0.0,-7.33633,-0.0,0.39623,50,0.0,0.0,-0.0,0.0,0.0,fa_ref2015,wt_dG,-171.82691,0.0
4,25000,6FEG,-112.6442,0.0,-91.36554,-0.0,-0.0,18.59237,24.40457,-3.73083,-0.0,-7.27411,0.0,0.48882,50,0.0,0.0,0.0,0.0,0.0,fa_ref2015,wt_dG,-171.52893,0.0
5,30000,6FEG,-113.0662,0.0,-91.78912,-0.0,-0.0,18.80878,24.36553,-3.63689,0.0,-7.64346,0.0,0.44831,50,0.0,0.0,-0.0,0.0,0.0,fa_ref2015,wt_dG,-172.51305,0.0
6,35000,6FEG,-112.92052,0.0,-90.82355,-0.0,-0.0,18.49527,24.03342,-3.5475,0.0,-7.12166,-0.0,0.56832,50,0.0,0.0,-0.0,0.0,0.0,fa_ref2015,wt_dG,-171.31621,0.0
7,40000,6FEG,-113.20387,0.0,-91.64674,-0.0,-0.0,18.70243,24.13816,-3.6388,-0.0,-6.79659,0.0,0.21653,50,0.0,0.0,-0.0,0.0,0.0,fa_ref2015,wt_dG,-172.22887,0.0
8,45000,6FEG,-113.9463,0.0,-91.18742,-0.0,-0.0,18.72148,24.83784,-3.84116,0.0,-7.04538,-0.0,0.47762,50,0.0,0.0,0.0,0.0,0.0,fa_ref2015,wt_dG,-171.98331,0.0
9,50000,6FEG,-113.84761,0.0,-90.96062,-0.0,-0.0,18.58595,24.59349,-3.72033,0.0,-6.58084,-0.0,0.24102,50,0.0,0.0,-0.0,0.0,0.0,fa_ref2015,wt_dG,-171.68895,0.0
